poll_id,date,state,pollster,sample_size,harris_pct,trump_pct
41420,2024-08-13,Georgia,McCourtney Institute/YouGov,500,50.00378621460107,49.99621378539893
62239,2024-09-03,Wisconsin,YouGov,500,48.38417799959747,51.61582200040253
13821,2024-09-24,Texas,CES / YouGov,500,44.6924061572325,55.3075938427675
25810,2024-08-29,National,McCourtney Institute/YouGov,500,46.85125042406744,53.14874957593256
75551,2024-10-15,Pennsylvania,Siena/NYT,500,48.73705074388027,51.26294925611973
20649,2024-10-27,Michigan,Siena/NYT,500,50.33393243861362,49.66606756138638
14715,2024-08-03,National,McCourtney Institute/YouGov,500,46.85125042406744,53.14874957593256
26159,2024-09-29,Michigan,Siena/NYT,500,50.33393243861362,49.66606756138638
72256,2024-10-20,National,YouGov,500,46.85125042406744,53.14874957593256
42397,2024-09-11,Pennsylvania,The Washington Post,500,48.73705074388027,51.26294925611973
22989,2024-10-15,Pennsylvania,Siena/NYT,500,48.73705074388027,51.26294925611973
77023,2024-08-18,National,Marquette Law School,500,46.85125042406744,53.14874957593256
13474,2024-08-05,Michigan,McCourtney Institute/YouGov,500,50.33393243861362,49.66606756138638
91964,2024-08-18,Florida,YouGov,500,44.15694111655989,55.84305888344011
57658,2024-07-26,Wisconsin,YouGov,500,48.38417799959747,51.61582200040253
53704,2024-08-18,Nebraska,Siena/NYT,500,37.589155685021595,62.410844314978405
16514,2024-08-16,Pennsylvania,CES / YouGov,500,48.73705074388027,51.26294925611973
76598,2024-08-19,Michigan,CES / YouGov,500,50.33393243861362,49.66606756138638
85904,2024-07-30,Michigan,The Washington Post,500,50.33393243861362,49.66606756138638
33472,2024-10-16,North Carolina,The Washington Post,500,51.268968553125795,48.731031446874205
10232,2024-07-30,Pennsylvania,McCourtney Institute/YouGov,500,48.73705074388027,51.26294925611973
24587,2024-08-30,Missouri,YouGov,500,37.46668856889798,62.53331143110202
41494,2024-07-22,Minnesota,McCourtney Institute/YouGov,500,51.480565777957715,48.519434222042285
52372,2024-07-30,Michigan,Marquette Law School,500,50.33393243861362,49.66606756138638
29868,2024-09-20,Georgia,McCourtney Institute/YouGov,500,50.00378621460107,49.99621378539893
26518,2024-08-17,National,Marquette Law School,500,46.85125042406744,53.14874957593256
42770,2024-08-10,National,CES / YouGov,500,46.85125042406744,53.14874957593256
71644,2024-10-29,Michigan,Marquette Law School,500,50.33393243861362,49.66606756138638
12429,2024-09-13,Georgia,Marquette Law School,500,50.00378621460107,49.99621378539893
86478,2024-10-13,Nebraska,Siena/NYT,500,37.589155685021595,62.410844314978405
41772,2024-09-06,Pennsylvania,McCourtney Institute/YouGov,500,48.73705074388027,51.26294925611973
74670,2024-08-19,National,The Washington Post,500,46.85125042406744,53.14874957593256
86459,2024-08-07,Pennsylvania,Siena/NYT,500,48.73705074388027,51.26294925611973
97563,2024-07-25,National,Siena/NYT,500,46.85125042406744,53.14874957593256
22009,2024-09-04,Wisconsin,YouGov,500,48.38417799959747,51.61582200040253
22270,2024-10-01,Texas,McCourtney Institute/YouGov,500,44.6924061572325,55.3075938427675
45796,2024-08-30,National,Marquette Law School,500,46.85125042406744,53.14874957593256
78926,2024-08-06,Pennsylvania,YouGov,500,48.73705074388027,51.26294925611973
52174,2024-10-05,Georgia,CES / YouGov,500,50.00378621460107,49.99621378539893
10348,2024-07-22,Michigan,The Washington Post,500,50.33393243861362,49.66606756138638
35560,2024-09-22,Wisconsin,McCourtney Institute/YouGov,500,48.38417799959747,51.61582200040253
99246,2024-09-25,Nebraska,Siena/NYT,500,37.589155685021595,62.410844314978405
98078,2024-09-12,Wisconsin,McCourtney Institute/YouGov,500,48.38417799959747,51.61582200040253
60124,2024-08-06,National,McCourtney Institute/YouGov,500,46.85125042406744,53.14874957593256
24228,2024-09-18,National,YouGov,500,46.85125042406744,53.14874957593256
42642,2024-08-22,National,CES / YouGov,500,46.85125042406744,53.14874957593256
26123,2024-10-14,Georgia,CES / YouGov,500,50.00378621460107,49.99621378539893
47541,2024-08-07,Pennsylvania,CES / YouGov,500,48.73705074388027,51.26294925611973
36711,2024-08-22,National,McCourtney Institute/YouGov,500,46.85125042406744,53.14874957593256
77532,2024-07-23,Georgia,YouGov,500,50.00378621460107,49.99621378539893
12969,2024-10-14,National,CES / YouGov,500,46.85125042406744,53.14874957593256
71405,2024-10-13,Michigan,The Washington Post,500,50.33393243861362,49.66606756138638
19212,2024-09-29,National,CES / YouGov,500,46.85125042406744,53.14874957593256
97422,2024-09-24,National,CES / YouGov,500,46.85125042406744,53.14874957593256
92259,2024-07-29,National,YouGov,500,46.85125042406744,53.14874957593256
53905,2024-08-23,National,Siena/NYT,500,46.85125042406744,53.14874957593256
72087,2024-07-28,Florida,The Washington Post,500,44.15694111655989,55.84305888344011
32026,2024-09-26,Michigan,Siena/NYT,500,50.33393243861362,49.66606756138638
21953,2024-08-11,National,McCourtney Institute/YouGov,500,46.85125042406744,53.14874957593256
12899,2024-08-15,Wisconsin,Marquette Law School,500,48.38417799959747,51.61582200040253
52836,2024-09-01,Texas,YouGov,500,44.6924061572325,55.3075938427675
11057,2024-10-07,National,The Washington Post,500,46.85125042406744,53.14874957593256
94895,2024-10-14,North Carolina,McCourtney Institute/YouGov,500,51.268968553125795,48.731031446874205
49488,2024-07-29,National,YouGov,500,46.85125042406744,53.14874957593256
73842,2024-07-24,Pennsylvania,Marquette Law School,500,48.73705074388027,51.26294925611973
10978,2024-10-13,Georgia,The Washington Post,500,50.00378621460107,49.99621378539893
73247,2024-08-24,Michigan,The Washington Post,500,50.33393243861362,49.66606756138638
86640,2024-10-08,National,Siena/NYT,500,46.85125042406744,53.14874957593256
13783,2024-09-18,Pennsylvania,Marquette Law School,500,48.73705074388027,51.26294925611973
12457,2024-10-24,Texas,Siena/NYT,500,44.6924061572325,55.3075938427675
11039,2024-10-10,New Hampshire,The Washington Post,500,52.74222416963071,47.25777583036929
33841,2024-10-12,Pennsylvania,Marquette Law School,500,48.73705074388027,51.26294925611973
50267,2024-09-25,Pennsylvania,YouGov,500,48.73705074388027,51.26294925611973
87834,2024-07-29,Michigan,CES / YouGov,500,50.33393243861362,49.66606756138638
37448,2024-09-28,Michigan,CES / YouGov,500,50.33393243861362,49.66606756138638
80723,2024-10-27,National,McCourtney Institute/YouGov,500,46.85125042406744,53.14874957593256
83193,2024-10-04,National,McCourtney Institute/YouGov,500,46.85125042406744,53.14874957593256
66929,2024-09-07,Pennsylvania,McCourtney Institute/YouGov,500,48.73705074388027,51.26294925611973
29648,2024-08-04,National,The Washington Post,500,46.85125042406744,53.14874957593256
19503,2024-08-10,Texas,Siena/NYT,500,44.6924061572325,55.3075938427675
20854,2024-08-13,Texas,CES / YouGov,500,44.6924061572325,55.3075938427675
23873,2024-08-29,Nebraska CD-2,CES / YouGov,500,52.166102060894566,47.833897939105434
43566,2024-09-06,Wisconsin,CES / YouGov,500,48.38417799959747,51.61582200040253
65926,2024-08-19,Georgia,CES / YouGov,500,50.00378621460107,49.99621378539893
28437,2024-08-16,Wisconsin,Marquette Law School,500,48.38417799959747,51.61582200040253
40802,2024-08-16,Texas,Siena/NYT,500,44.6924061572325,55.3075938427675
22703,2024-08-18,National,Marquette Law School,500,46.85125042406744,53.14874957593256
62069,2024-10-11,Pennsylvania,McCourtney Institute/YouGov,500,48.73705074388027,51.26294925611973
82852,2024-08-21,Pennsylvania,The Washington Post,500,48.73705074388027,51.26294925611973
21212,2024-07-27,Wisconsin,Siena/NYT,500,48.38417799959747,51.61582200040253
12924,2024-09-06,Nebraska CD-2,McCourtney Institute/YouGov,500,52.166102060894566,47.833897939105434
91278,2024-10-20,National,CES / YouGov,500,46.85125042406744,53.14874957593256
13104,2024-10-28,National,Marquette Law School,500,46.85125042406744,53.14874957593256
54643,2024-07-26,Florida,YouGov,500,44.15694111655989,55.84305888344011
95155,2024-08-18,Pennsylvania,The Washington Post,500,48.73705074388027,51.26294925611973
58289,2024-09-19,Wisconsin,Siena/NYT,500,48.38417799959747,51.61582200040253
21624,2024-09-25,Texas,CES / YouGov,500,44.6924061572325,55.3075938427675
41418,2024-10-12,Nebraska,The Washington Post,500,37.589155685021595,62.410844314978405
68264,2024-10-28,Wisconsin,CES / YouGov,500,48.38417799959747,51.61582200040253
92331,2024-08-11,Pennsylvania,The Washington Post,500,48.73705074388027,51.26294925611973
10109,2024-08-26,Pennsylvania,CES / YouGov,500,48.73705074388027,51.26294925611973
80360,2024-09-04,Wisconsin,CES / YouGov,500,48.38417799959747,51.61582200040253
97914,2024-09-17,National,YouGov,500,46.85125042406744,53.14874957593256
78467,2024-10-07,National,The Washington Post,500,46.85125042406744,53.14874957593256
61882,2024-08-10,Michigan,CES / YouGov,500,50.33393243861362,49.66606756138638
10593,2024-10-23,National,McCourtney Institute/YouGov,500,46.85125042406744,53.14874957593256
32033,2024-08-22,National,The Washington Post,500,46.85125042406744,53.14874957593256
59008,2024-07-22,National,CES / YouGov,500,46.85125042406744,53.14874957593256
77788,2024-08-03,Texas,Siena/NYT,500,44.6924061572325,55.3075938427675
40323,2024-10-11,National,YouGov,500,46.85125042406744,53.14874957593256
19993,2024-07-26,Wisconsin,McCourtney Institute/YouGov,500,48.38417799959747,51.61582200040253
41912,2024-09-13,Pennsylvania,McCourtney Institute/YouGov,500,48.73705074388027,51.26294925611973
44996,2024-09-11,National,CES / YouGov,500,46.85125042406744,53.14874957593256
82584,2024-10-03,Texas,The Washington Post,500,44.6924061572325,55.3075938427675
95513,2024-09-12,Nebraska,CES / YouGov,500,37.589155685021595,62.410844314978405
55035,2024-10-12,Wisconsin,Siena/NYT,500,48.38417799959747,51.61582200040253
78950,2024-10-12,Wisconsin,The Washington Post,500,48.38417799959747,51.61582200040253
60745,2024-08-09,Michigan,CES / YouGov,500,50.33393243861362,49.66606756138638
66581,2024-09-15,Georgia,CES / YouGov,500,50.00378621460107,49.99621378539893
44163,2024-10-26,National,Siena/NYT,500,46.85125042406744,53.14874957593256
94565,2024-10-03,National,McCourtney Institute/YouGov,500,46.85125042406744,53.14874957593256
82442,2024-08-24,Pennsylvania,YouGov,500,48.73705074388027,51.26294925611973
97236,2024-08-02,Wisconsin,YouGov,500,48.38417799959747,51.61582200040253
30828,2024-07-23,Georgia,Siena/NYT,500,50.00378621460107,49.99621378539893
91945,2024-10-05,Nevada,McCourtney Institute/YouGov,500,46.62657409034553,53.37342590965447
25186,2024-08-31,Pennsylvania,Siena/NYT,500,48.73705074388027,51.26294925611973
54220,2024-08-21,Michigan,CES / YouGov,500,50.33393243861362,49.66606756138638
57458,2024-10-23,National,The Washington Post,500,46.85125042406744,53.14874957593256
64119,2024-10-22,Florida,Marquette Law School,500,44.15694111655989,55.84305888344011
17278,2024-10-27,Minnesota,The Washington Post,500,51.480565777957715,48.519434222042285
72215,2024-08-10,National,McCourtney Institute/YouGov,500,46.85125042406744,53.14874957593256
70681,2024-08-15,Texas,Marquette Law School,500,44.6924061572325,55.3075938427675
69788,2024-10-22,Nevada,Siena/NYT,500,46.62657409034553,53.37342590965447
29284,2024-08-01,Pennsylvania,The Washington Post,500,48.73705074388027,51.26294925611973
77731,2024-09-17,Pennsylvania,McCourtney Institute/YouGov,500,48.73705074388027,51.26294925611973
86096,2024-07-24,Georgia,Marquette Law School,500,50.00378621460107,49.99621378539893
22917,2024-09-01,National,McCourtney Institute/YouGov,500,46.85125042406744,53.14874957593256
58110,2024-10-01,North Carolina,McCourtney Institute/YouGov,500,51.268968553125795,48.731031446874205
94009,2024-09-02,Pennsylvania,The Washington Post,500,48.73705074388027,51.26294925611973
67147,2024-07-27,Michigan,The Washington Post,500,50.33393243861362,49.66606756138638
85964,2024-09-10,Pennsylvania,YouGov,500,48.73705074388027,51.26294925611973
95540,2024-10-27,Nebraska CD-2,YouGov,500,52.166102060894566,47.833897939105434
98288,2024-07-25,Nebraska,CES / YouGov,500,37.589155685021595,62.410844314978405
75025,2024-10-23,National,McCourtney Institute/YouGov,500,46.85125042406744,53.14874957593256
29886,2024-08-29,Michigan,CES / YouGov,500,50.33393243861362,49.66606756138638
36569,2024-10-15,National,McCourtney Institute/YouGov,500,46.85125042406744,53.14874957593256
34593,2024-09-29,Wisconsin,Siena/NYT,500,48.38417799959747,51.61582200040253
25207,2024-08-18,Pennsylvania,CES / YouGov,500,48.73705074388027,51.26294925611973
21815,2024-07-27,Georgia,Siena/NYT,500,50.00378621460107,49.99621378539893
29452,2024-09-11,Pennsylvania,The Washington Post,500,48.73705074388027,51.26294925611973
15257,2024-10-20,North Carolina,McCourtney Institute/YouGov,500,51.268968553125795,48.731031446874205
74672,2024-10-10,Minnesota,YouGov,500,51.480565777957715,48.519434222042285
85289,2024-10-05,National,Marquette Law School,500,46.85125042406744,53.14874957593256
33573,2024-07-30,Pennsylvania,The Washington Post,500,48.73705074388027,51.26294925611973
36758,2024-08-30,Michigan,CES / YouGov,500,50.33393243861362,49.66606756138638
59180,2024-10-26,National,The Washington Post,500,46.85125042406744,53.14874957593256
67566,2024-09-05,Wisconsin,Siena/NYT,500,48.38417799959747,51.61582200040253
41448,2024-09-14,Wisconsin,YouGov,500,48.38417799959747,51.61582200040253
53983,2024-07-29,Nevada,The Washington Post,500,46.62657409034553,53.37342590965447
16240,2024-08-14,National,Siena/NYT,500,46.85125042406744,53.14874957593256
62951,2024-08-12,Nevada,Marquette Law School,500,46.62657409034553,53.37342590965447
93822,2024-07-27,Georgia,McCourtney Institute/YouGov,500,50.00378621460107,49.99621378539893
91590,2024-09-15,National,The Washington Post,500,46.85125042406744,53.14874957593256
65379,2024-10-29,Nebraska CD-2,McCourtney Institute/YouGov,500,52.166102060894566,47.833897939105434
34956,2024-09-03,Florida,Siena/NYT,500,44.15694111655989,55.84305888344011
62568,2024-08-03,National,CES / YouGov,500,46.85125042406744,53.14874957593256
78604,2024-09-27,Georgia,Marquette Law School,500,50.00378621460107,49.99621378539893
80991,2024-09-22,National,McCourtney Institute/YouGov,500,46.85125042406744,53.14874957593256
52534,2024-09-14,National,Siena/NYT,500,46.85125042406744,53.14874957593256
70582,2024-09-26,North Carolina,YouGov,500,51.268968553125795,48.731031446874205
41763,2024-07-30,Texas,YouGov,500,44.6924061572325,55.3075938427675
86252,2024-09-26,Wisconsin,Siena/NYT,500,48.38417799959747,51.61582200040253
39231,2024-09-18,National,YouGov,500,46.85125042406744,53.14874957593256
23976,2024-09-24,Georgia,CES / YouGov,500,50.00378621460107,49.99621378539893
92481,2024-08-06,Wisconsin,Marquette Law School,500,48.38417799959747,51.61582200040253
55335,2024-08-13,Wisconsin,CES / YouGov,500,48.38417799959747,51.61582200040253
29358,2024-10-06,National,YouGov,500,46.85125042406744,53.14874957593256
99628,2024-08-10,National,YouGov,500,46.85125042406744,53.14874957593256
55687,2024-07-23,Georgia,The Washington Post,500,50.00378621460107,49.99621378539893
96367,2024-08-17,Michigan,McCourtney Institute/YouGov,500,50.33393243861362,49.66606756138638
42640,2024-10-05,North Carolina,CES / YouGov,500,51.268968553125795,48.731031446874205
98728,2024-09-01,National,Marquette Law School,500,46.85125042406744,53.14874957593256
35954,2024-10-24,Texas,YouGov,500,44.6924061572325,55.3075938427675
20051,2024-07-28,National,Marquette Law School,500,46.85125042406744,53.14874957593256
75667,2024-08-08,North Carolina,The Washington Post,500,51.268968553125795,48.731031446874205
77902,2024-09-09,National,Marquette Law School,500,46.85125042406744,53.14874957593256
92659,2024-08-15,Pennsylvania,The Washington Post,500,48.73705074388027,51.26294925611973
52329,2024-07-30,Pennsylvania,Siena/NYT,500,48.73705074388027,51.26294925611973
82362,2024-08-08,Texas,The Washington Post,500,44.6924061572325,55.3075938427675
44721,2024-09-22,Nevada,CES / YouGov,500,46.62657409034553,53.37342590965447
42875,2024-08-29,Wisconsin,Marquette Law School,500,48.38417799959747,51.61582200040253
58191,2024-07-31,Georgia,YouGov,500,50.00378621460107,49.99621378539893
30433,2024-09-08,National,The Washington Post,500,46.85125042406744,53.14874957593256
23118,2024-10-26,Georgia,The Washington Post,500,50.00378621460107,49.99621378539893
21096,2024-08-29,National,The Washington Post,500,46.85125042406744,53.14874957593256
54302,2024-07-28,Pennsylvania,McCourtney Institute/YouGov,500,48.73705074388027,51.26294925611973
93059,2024-08-14,National,Marquette Law School,500,46.85125042406744,53.14874957593256
26358,2024-10-01,Georgia,Siena/NYT,500,50.00378621460107,49.99621378539893
61418,2024-08-04,Wisconsin,YouGov,500,48.38417799959747,51.61582200040253
26342,2024-08-22,National,Siena/NYT,500,46.85125042406744,53.14874957593256
52339,2024-09-28,National,The Washington Post,500,46.85125042406744,53.14874957593256
25246,2024-07-28,National,Marquette Law School,500,46.85125042406744,53.14874957593256
63722,2024-08-25,Pennsylvania,YouGov,500,48.73705074388027,51.26294925611973
69538,2024-10-06,National,Marquette Law School,500,46.85125042406744,53.14874957593256
41140,2024-08-31,Michigan,McCourtney Institute/YouGov,500,50.33393243861362,49.66606756138638
27129,2024-07-30,Nevada,McCourtney Institute/YouGov,500,46.62657409034553,53.37342590965447
22587,2024-08-04,Wisconsin,Marquette Law School,500,48.38417799959747,51.61582200040253
18607,2024-08-06,Texas,McCourtney Institute/YouGov,500,44.6924061572325,55.3075938427675
57717,2024-10-24,Georgia,McCourtney Institute/YouGov,500,50.00378621460107,49.99621378539893
59004,2024-08-19,Michigan,McCourtney Institute/YouGov,500,50.33393243861362,49.66606756138638
90417,2024-10-15,Michigan,CES / YouGov,500,50.33393243861362,49.66606756138638
13582,2024-09-05,National,Siena/NYT,500,46.85125042406744,53.14874957593256
66927,2024-08-03,Pennsylvania,McCourtney Institute/YouGov,500,48.73705074388027,51.26294925611973
27477,2024-08-30,Wisconsin,McCourtney Institute/YouGov,500,48.38417799959747,51.61582200040253
68745,2024-10-16,Wisconsin,CES / YouGov,500,48.38417799959747,51.61582200040253
32492,2024-10-19,Pennsylvania,YouGov,500,48.73705074388027,51.26294925611973
37501,2024-09-17,Georgia,McCourtney Institute/YouGov,500,50.00378621460107,49.99621378539893
69264,2024-08-09,Wisconsin,YouGov,500,48.38417799959747,51.61582200040253
89436,2024-08-17,Michigan,CES / YouGov,500,50.33393243861362,49.66606756138638
84567,2024-09-09,National,CES / YouGov,500,46.85125042406744,53.14874957593256
88954,2024-10-20,Wisconsin,Marquette Law School,500,48.38417799959747,51.61582200040253
79089,2024-09-30,North Carolina,Marquette Law School,500,51.268968553125795,48.731031446874205
86558,2024-10-13,National,Siena/NYT,500,46.85125042406744,53.14874957593256
60738,2024-09-20,National,Siena/NYT,500,46.85125042406744,53.14874957593256
12555,2024-08-20,Michigan,CES / YouGov,500,50.33393243861362,49.66606756138638
16701,2024-08-06,National,The Washington Post,500,46.85125042406744,53.14874957593256
38294,2024-08-10,Nevada,YouGov,500,46.62657409034553,53.37342590965447
44588,2024-10-12,Michigan,Marquette Law School,500,50.33393243861362,49.66606756138638
20202,2024-08-22,Pennsylvania,The Washington Post,500,48.73705074388027,51.26294925611973
52938,2024-09-17,Minnesota,The Washington Post,500,51.480565777957715,48.519434222042285
29133,2024-09-17,Pennsylvania,McCourtney Institute/YouGov,500,48.73705074388027,51.26294925611973
37599,2024-09-15,Georgia,Marquette Law School,500,50.00378621460107,49.99621378539893
71018,2024-08-20,Michigan,The Washington Post,500,50.33393243861362,49.66606756138638
69833,2024-10-19,North Carolina,YouGov,500,51.268968553125795,48.731031446874205
74859,2024-08-31,National,McCourtney Institute/YouGov,500,46.85125042406744,53.14874957593256
96646,2024-08-06,Pennsylvania,Marquette Law School,500,48.73705074388027,51.26294925611973
28088,2024-07-30,National,McCourtney Institute/YouGov,500,46.85125042406744,53.14874957593256
64293,2024-10-02,National,McCourtney Institute/YouGov,500,46.85125042406744,53.14874957593256
76270,2024-08-02,Nebraska,The Washington Post,500,37.589155685021595,62.410844314978405
78556,2024-09-10,Pennsylvania,CES / YouGov,500,48.73705074388027,51.26294925611973
11101,2024-07-28,National,McCourtney Institute/YouGov,500,46.85125042406744,53.14874957593256
30996,2024-08-16,Georgia,McCourtney Institute/YouGov,500,50.00378621460107,49.99621378539893
19580,2024-07-31,National,CES / YouGov,500,46.85125042406744,53.14874957593256
77387,2024-09-04,Pennsylvania,Siena/NYT,500,48.73705074388027,51.26294925611973
94955,2024-10-13,Pennsylvania,Marquette Law School,500,48.73705074388027,51.26294925611973
60184,2024-09-09,National,CES / YouGov,500,46.85125042406744,53.14874957593256
36190,2024-10-23,Wisconsin,CES / YouGov,500,48.38417799959747,51.61582200040253
77738,2024-09-02,National,CES / YouGov,500,46.85125042406744,53.14874957593256
72874,2024-10-29,Wisconsin,CES / YouGov,500,48.38417799959747,51.61582200040253
46081,2024-08-22,Pennsylvania,Siena/NYT,500,48.73705074388027,51.26294925611973
66528,2024-08-23,Nebraska CD-2,Siena/NYT,500,52.166102060894566,47.833897939105434
32776,2024-09-17,Wisconsin,Siena/NYT,500,48.38417799959747,51.61582200040253
97381,2024-09-10,Pennsylvania,Siena/NYT,500,48.73705074388027,51.26294925611973
16001,2024-10-04,National,CES / YouGov,500,46.85125042406744,53.14874957593256
19915,2024-10-01,Pennsylvania,The Washington Post,500,48.73705074388027,51.26294925611973
25921,2024-07-25,National,YouGov,500,46.85125042406744,53.14874957593256
75904,2024-09-20,National,YouGov,500,46.85125042406744,53.14874957593256
18181,2024-08-20,National,CES / YouGov,500,46.85125042406744,53.14874957593256
80058,2024-10-21,National,The Washington Post,500,46.85125042406744,53.14874957593256
78701,2024-07-29,Nevada,McCourtney Institute/YouGov,500,46.62657409034553,53.37342590965447
91962,2024-08-16,National,Siena/NYT,500,46.85125042406744,53.14874957593256
51045,2024-10-19,Michigan,Siena/NYT,500,50.33393243861362,49.66606756138638
35956,2024-09-25,National,Siena/NYT,500,46.85125042406744,53.14874957593256
78771,2024-10-03,Pennsylvania,The Washington Post,500,48.73705074388027,51.26294925611973
19155,2024-09-28,Florida,Marquette Law School,500,44.15694111655989,55.84305888344011
28114,2024-10-24,Nebraska,YouGov,500,37.589155685021595,62.410844314978405
24709,2024-08-24,Pennsylvania,CES / YouGov,500,48.73705074388027,51.26294925611973
62535,2024-08-29,Florida,YouGov,500,44.15694111655989,55.84305888344011
93618,2024-09-08,Michigan,Siena/NYT,500,50.33393243861362,49.66606756138638
75878,2024-08-13,Michigan,YouGov,500,50.33393243861362,49.66606756138638
68530,2024-07-29,Nebraska CD-2,The Washington Post,500,52.166102060894566,47.833897939105434
82572,2024-08-27,Pennsylvania,YouGov,500,48.73705074388027,51.26294925611973
31186,2024-08-31,Texas,CES / YouGov,500,44.6924061572325,55.3075938427675
82525,2024-08-24,Pennsylvania,YouGov,500,48.73705074388027,51.26294925611973
13665,2024-07-30,Nebraska CD-2,McCourtney Institute/YouGov,500,52.166102060894566,47.833897939105434
97943,2024-10-13,Michigan,Marquette Law School,500,50.33393243861362,49.66606756138638
14552,2024-08-07,National,Marquette Law School,500,46.85125042406744,53.14874957593256
82314,2024-07-24,National,The Washington Post,500,46.85125042406744,53.14874957593256
38444,2024-10-07,National,CES / YouGov,500,46.85125042406744,53.14874957593256
88618,2024-08-28,Wisconsin,Marquette Law School,500,48.38417799959747,51.61582200040253
99792,2024-10-15,Michigan,Siena/NYT,500,50.33393243861362,49.66606756138638
90187,2024-07-30,Pennsylvania,McCourtney Institute/YouGov,500,48.73705074388027,51.26294925611973
91313,2024-08-09,National,McCourtney Institute/YouGov,500,46.85125042406744,53.14874957593256
11614,2024-08-02,National,CES / YouGov,500,46.85125042406744,53.14874957593256
21487,2024-08-30,Pennsylvania,Marquette Law School,500,48.73705074388027,51.26294925611973
29615,2024-09-12,Florida,CES / YouGov,500,44.15694111655989,55.84305888344011
49808,2024-10-26,National,McCourtney Institute/YouGov,500,46.85125042406744,53.14874957593256
49620,2024-09-02,National,CES / YouGov,500,46.85125042406744,53.14874957593256
28997,2024-07-22,National,The Washington Post,500,46.85125042406744,53.14874957593256
30719,2024-09-23,National,Siena/NYT,500,46.85125042406744,53.14874957593256
60985,2024-10-06,Georgia,Marquette Law School,500,50.00378621460107,49.99621378539893
58584,2024-09-08,National,Siena/NYT,500,46.85125042406744,53.14874957593256
75851,2024-08-25,National,YouGov,500,46.85125042406744,53.14874957593256
37797,2024-08-11,Pennsylvania,CES / YouGov,500,48.73705074388027,51.26294925611973
10175,2024-10-06,National,Marquette Law School,500,46.85125042406744,53.14874957593256
23615,2024-10-24,National,Marquette Law School,500,46.85125042406744,53.14874957593256
83203,2024-08-31,National,CES / YouGov,500,46.85125042406744,53.14874957593256
88185,2024-10-08,Georgia,CES / YouGov,500,50.00378621460107,49.99621378539893
29764,2024-09-27,National,The Washington Post,500,46.85125042406744,53.14874957593256
96979,2024-08-21,National,Siena/NYT,500,46.85125042406744,53.14874957593256
74529,2024-10-29,National,CES / YouGov,500,46.85125042406744,53.14874957593256
36657,2024-07-25,Michigan,YouGov,500,50.33393243861362,49.66606756138638
69762,2024-10-13,North Carolina,YouGov,500,51.268968553125795,48.731031446874205
60398,2024-09-21,National,YouGov,500,46.85125042406744,53.14874957593256
29512,2024-08-14,Pennsylvania,McCourtney Institute/YouGov,500,48.73705074388027,51.26294925611973
81225,2024-09-22,National,YouGov,500,46.85125042406744,53.14874957593256
45633,2024-08-07,Michigan,The Washington Post,500,50.33393243861362,49.66606756138638
89193,2024-08-15,North Carolina,YouGov,500,51.268968553125795,48.731031446874205
30760,2024-08-04,National,CES / YouGov,500,46.85125042406744,53.14874957593256
30897,2024-10-16,National,McCourtney Institute/YouGov,500,46.85125042406744,53.14874957593256
63226,2024-10-21,Georgia,McCourtney Institute/YouGov,500,50.00378621460107,49.99621378539893
54705,2024-10-08,National,McCourtney Institute/YouGov,500,46.85125042406744,53.14874957593256
14647,2024-09-20,North Carolina,Siena/NYT,500,51.268968553125795,48.731031446874205
72269,2024-08-20,Michigan,The Washington Post,500,50.33393243861362,49.66606756138638
97303,2024-08-14,Georgia,McCourtney Institute/YouGov,500,50.00378621460107,49.99621378539893
91786,2024-10-14,Michigan,CES / YouGov,500,50.33393243861362,49.66606756138638
43898,2024-10-21,Wisconsin,McCourtney Institute/YouGov,500,48.38417799959747,51.61582200040253
44743,2024-07-25,Michigan,CES / YouGov,500,50.33393243861362,49.66606756138638
15560,2024-09-14,North Carolina,McCourtney Institute/YouGov,500,51.268968553125795,48.731031446874205
48843,2024-07-26,Pennsylvania,CES / YouGov,500,48.73705074388027,51.26294925611973
69045,2024-09-08,Wisconsin,Siena/NYT,500,48.38417799959747,51.61582200040253
74019,2024-08-07,National,The Washington Post,500,46.85125042406744,53.14874957593256
63792,2024-10-11,Nevada,YouGov,500,46.62657409034553,53.37342590965447
71503,2024-08-09,Wisconsin,YouGov,500,48.38417799959747,51.61582200040253
14695,2024-08-03,Pennsylvania,YouGov,500,48.73705074388027,51.26294925611973
87310,2024-10-12,National,Marquette Law School,500,46.85125042406744,53.14874957593256
56096,2024-09-29,North Carolina,Marquette Law School,500,51.268968553125795,48.731031446874205
87620,2024-08-14,National,CES / YouGov,500,46.85125042406744,53.14874957593256
41040,2024-09-04,National,CES / YouGov,500,46.85125042406744,53.14874957593256
40719,2024-09-30,Wisconsin,Marquette Law School,500,48.38417799959747,51.61582200040253
38815,2024-10-19,Michigan,Marquette Law School,500,50.33393243861362,49.66606756138638
41701,2024-10-20,Pennsylvania,McCourtney Institute/YouGov,500,48.73705074388027,51.26294925611973
93734,2024-07-21,National,YouGov,500,46.85125042406744,53.14874957593256
41881,2024-08-30,Wisconsin,YouGov,500,48.38417799959747,51.61582200040253
77692,2024-09-13,National,Siena/NYT,500,46.85125042406744,53.14874957593256
38433,2024-08-10,Nebraska CD-2,Siena/NYT,500,52.166102060894566,47.833897939105434
22574,2024-08-13,Pennsylvania,CES / YouGov,500,48.73705074388027,51.26294925611973
41097,2024-08-24,Wisconsin,CES / YouGov,500,48.38417799959747,51.61582200040253
66578,2024-08-08,National,Siena/NYT,500,46.85125042406744,53.14874957593256
96313,2024-10-08,National,The Washington Post,500,46.85125042406744,53.14874957593256
57571,2024-09-18,Pennsylvania,McCourtney Institute/YouGov,500,48.73705074388027,51.26294925611973
13108,2024-10-27,Michigan,CES / YouGov,500,50.33393243861362,49.66606756138638
18825,2024-09-15,Michigan,The Washington Post,500,50.33393243861362,49.66606756138638
30618,2024-09-13,Wisconsin,YouGov,500,48.38417799959747,51.61582200040253
72489,2024-09-19,Pennsylvania,McCourtney Institute/YouGov,500,48.73705074388027,51.26294925611973
69790,2024-08-18,Wisconsin,The Washington Post,500,48.38417799959747,51.61582200040253
56769,2024-08-13,National,The Washington Post,500,46.85125042406744,53.14874957593256
37730,2024-10-05,Florida,YouGov,500,44.15694111655989,55.84305888344011
20787,2024-08-27,Pennsylvania,McCourtney Institute/YouGov,500,48.73705074388027,51.26294925611973
36830,2024-10-04,Nevada,Siena/NYT,500,46.62657409034553,53.37342590965447
93639,2024-10-04,Michigan,YouGov,500,50.33393243861362,49.66606756138638
61145,2024-09-06,National,The Washington Post,500,46.85125042406744,53.14874957593256
97027,2024-08-08,National,Siena/NYT,500,46.85125042406744,53.14874957593256
34349,2024-08-14,Wisconsin,CES / YouGov,500,48.38417799959747,51.61582200040253
97754,2024-09-30,Wisconsin,The Washington Post,500,48.38417799959747,51.61582200040253
58658,2024-09-17,North Carolina,McCourtney Institute/YouGov,500,51.268968553125795,48.731031446874205
92558,2024-08-02,Pennsylvania,McCourtney Institute/YouGov,500,48.73705074388027,51.26294925611973
19133,2024-10-22,North Carolina,The Washington Post,500,51.268968553125795,48.731031446874205
42928,2024-10-04,Michigan,The Washington Post,500,50.33393243861362,49.66606756138638
58353,2024-10-23,Texas,McCourtney Institute/YouGov,500,44.6924061572325,55.3075938427675
98014,2024-07-22,Georgia,CES / YouGov,500,50.00378621460107,49.99621378539893
56470,2024-09-15,North Carolina,Siena/NYT,500,51.268968553125795,48.731031446874205
92299,2024-08-27,Pennsylvania,McCourtney Institute/YouGov,500,48.73705074388027,51.26294925611973
99555,2024-10-03,Pennsylvania,Siena/NYT,500,48.73705074388027,51.26294925611973
85600,2024-07-25,Georgia,McCourtney Institute/YouGov,500,50.00378621460107,49.99621378539893
66980,2024-09-17,Missouri,YouGov,500,37.46668856889798,62.53331143110202
53397,2024-07-30,Michigan,Marquette Law School,500,50.33393243861362,49.66606756138638
12043,2024-10-06,Georgia,McCourtney Institute/YouGov,500,50.00378621460107,49.99621378539893
72345,2024-07-27,National,The Washington Post,500,46.85125042406744,53.14874957593256
58372,2024-07-31,Nebraska CD-2,CES / YouGov,500,52.166102060894566,47.833897939105434
58713,2024-10-14,Texas,Siena/NYT,500,44.6924061572325,55.3075938427675
87932,2024-08-06,National,YouGov,500,46.85125042406744,53.14874957593256
26317,2024-08-11,Nebraska CD-2,Marquette Law School,500,52.166102060894566,47.833897939105434
80541,2024-09-29,Georgia,CES / YouGov,500,50.00378621460107,49.99621378539893
56756,2024-07-24,National,Marquette Law School,500,46.85125042406744,53.14874957593256
55612,2024-10-24,Texas,McCourtney Institute/YouGov,500,44.6924061572325,55.3075938427675
22664,2024-08-25,National,Marquette Law School,500,46.85125042406744,53.14874957593256
70808,2024-08-08,Wisconsin,YouGov,500,48.38417799959747,51.61582200040253
59097,2024-09-27,Wisconsin,Marquette Law School,500,48.38417799959747,51.61582200040253
23944,2024-07-25,National,The Washington Post,500,46.85125042406744,53.14874957593256
78625,2024-10-21,Nebraska CD-2,The Washington Post,500,52.166102060894566,47.833897939105434
18527,2024-08-07,Minnesota,Siena/NYT,500,51.480565777957715,48.519434222042285
70939,2024-09-10,Pennsylvania,Siena/NYT,500,48.73705074388027,51.26294925611973
89747,2024-10-28,Florida,Siena/NYT,500,44.15694111655989,55.84305888344011
38049,2024-07-23,Georgia,Siena/NYT,500,50.00378621460107,49.99621378539893
43832,2024-09-16,National,The Washington Post,500,46.85125042406744,53.14874957593256
20128,2024-08-30,National,Marquette Law School,500,46.85125042406744,53.14874957593256
59169,2024-08-06,National,McCourtney Institute/YouGov,500,46.85125042406744,53.14874957593256
43349,2024-08-25,Florida,Siena/NYT,500,44.15694111655989,55.84305888344011
63613,2024-10-14,Michigan,YouGov,500,50.33393243861362,49.66606756138638
74677,2024-09-14,Georgia,Marquette Law School,500,50.00378621460107,49.99621378539893
96362,2024-08-11,Wisconsin,The Washington Post,500,48.38417799959747,51.61582200040253
94496,2024-10-15,Michigan,CES / YouGov,500,50.33393243861362,49.66606756138638
47996,2024-09-13,Michigan,YouGov,500,50.33393243861362,49.66606756138638
18628,2024-10-12,Pennsylvania,YouGov,500,48.73705074388027,51.26294925611973
95399,2024-10-27,Pennsylvania,Marquette Law School,500,48.73705074388027,51.26294925611973
77711,2024-09-01,Michigan,The Washington Post,500,50.33393243861362,49.66606756138638
63924,2024-07-25,Wisconsin,McCourtney Institute/YouGov,500,48.38417799959747,51.61582200040253
73551,2024-10-18,Wisconsin,McCourtney Institute/YouGov,500,48.38417799959747,51.61582200040253
74874,2024-10-11,Texas,Siena/NYT,500,44.6924061572325,55.3075938427675
57543,2024-10-14,Pennsylvania,Siena/NYT,500,48.73705074388027,51.26294925611973
20369,2024-09-18,Pennsylvania,Siena/NYT,500,48.73705074388027,51.26294925611973
31310,2024-10-25,National,CES / YouGov,500,46.85125042406744,53.14874957593256
50615,2024-07-30,Pennsylvania,The Washington Post,500,48.73705074388027,51.26294925611973
65624,2024-07-21,National,YouGov,500,46.85125042406744,53.14874957593256
34047,2024-07-24,Michigan,The Washington Post,500,50.33393243861362,49.66606756138638
41087,2024-10-14,Pennsylvania,McCourtney Institute/YouGov,500,48.73705074388027,51.26294925611973
57991,2024-10-05,Texas,The Washington Post,500,44.6924061572325,55.3075938427675
98392,2024-08-04,Florida,CES / YouGov,500,44.15694111655989,55.84305888344011
89492,2024-10-10,North Carolina,Marquette Law School,500,51.268968553125795,48.731031446874205
15290,2024-09-25,North Carolina,CES / YouGov,500,51.268968553125795,48.731031446874205
39396,2024-10-26,Pennsylvania,The Washington Post,500,48.73705074388027,51.26294925611973
23876,2024-08-10,North Carolina,The Washington Post,500,51.268968553125795,48.731031446874205
23996,2024-10-22,Wisconsin,The Washington Post,500,48.38417799959747,51.61582200040253
30789,2024-10-26,National,Marquette Law School,500,46.85125042406744,53.14874957593256
58380,2024-07-22,National,McCourtney Institute/YouGov,500,46.85125042406744,53.14874957593256
23062,2024-07-24,Florida,Siena/NYT,500,44.15694111655989,55.84305888344011
66004,2024-07-31,Pennsylvania,Marquette Law School,500,48.73705074388027,51.26294925611973
19563,2024-10-22,Georgia,YouGov,500,50.00378621460107,49.99621378539893
16768,2024-08-14,National,YouGov,500,46.85125042406744,53.14874957593256
26967,2024-10-29,Texas,Marquette Law School,500,44.6924061572325,55.3075938427675
66362,2024-07-24,Wisconsin,Siena/NYT,500,48.38417799959747,51.61582200040253
17681,2024-09-01,Florida,The Washington Post,500,44.15694111655989,55.84305888344011
66556,2024-08-20,Wisconsin,Marquette Law School,500,48.38417799959747,51.61582200040253
91485,2024-09-25,Nevada,The Washington Post,500,46.62657409034553,53.37342590965447
35470,2024-09-17,National,CES / YouGov,500,46.85125042406744,53.14874957593256
40944,2024-07-22,Pennsylvania,The Washington Post,500,48.73705074388027,51.26294925611973
12817,2024-07-26,Florida,Siena/NYT,500,44.15694111655989,55.84305888344011
47860,2024-09-18,Georgia,McCourtney Institute/YouGov,500,50.00378621460107,49.99621378539893
35581,2024-07-21,Wisconsin,Marquette Law School,500,48.38417799959747,51.61582200040253
27729,2024-09-15,National,McCourtney Institute/YouGov,500,46.85125042406744,53.14874957593256
96606,2024-10-18,Wisconsin,The Washington Post,500,48.38417799959747,51.61582200040253
81984,2024-08-31,National,Siena/NYT,500,46.85125042406744,53.14874957593256
90788,2024-08-11,National,YouGov,500,46.85125042406744,53.14874957593256
63900,2024-08-13,Texas,CES / YouGov,500,44.6924061572325,55.3075938427675
95610,2024-08-05,Michigan,Siena/NYT,500,50.33393243861362,49.66606756138638
99088,2024-08-06,Pennsylvania,The Washington Post,500,48.73705074388027,51.26294925611973
23017,2024-09-07,Georgia,Marquette Law School,500,50.00378621460107,49.99621378539893
21311,2024-09-13,Pennsylvania,McCourtney Institute/YouGov,500,48.73705074388027,51.26294925611973
46749,2024-08-20,National,The Washington Post,500,46.85125042406744,53.14874957593256
76081,2024-09-27,National,The Washington Post,500,46.85125042406744,53.14874957593256
25351,2024-09-29,Wisconsin,CES / YouGov,500,48.38417799959747,51.61582200040253
43803,2024-09-24,National,CES / YouGov,500,46.85125042406744,53.14874957593256
70432,2024-10-14,National,YouGov,500,46.85125042406744,53.14874957593256
54966,2024-07-30,New Hampshire,CES / YouGov,500,52.74222416963071,47.25777583036929
39602,2024-10-13,National,Siena/NYT,500,46.85125042406744,53.14874957593256
23309,2024-09-21,Pennsylvania,YouGov,500,48.73705074388027,51.26294925611973
96866,2024-09-08,Florida,Marquette Law School,500,44.15694111655989,55.84305888344011
28213,2024-08-05,Florida,Marquette Law School,500,44.15694111655989,55.84305888344011
55359,2024-09-30,Florida,YouGov,500,44.15694111655989,55.84305888344011
83674,2024-08-01,North Carolina,Siena/NYT,500,51.268968553125795,48.731031446874205
15811,2024-09-19,National,Marquette Law School,500,46.85125042406744,53.14874957593256
76783,2024-10-20,Texas,Marquette Law School,500,44.6924061572325,55.3075938427675
80970,2024-10-18,Pennsylvania,Siena/NYT,500,48.73705074388027,51.26294925611973
21787,2024-10-15,Georgia,CES / YouGov,500,50.00378621460107,49.99621378539893
61665,2024-07-23,Georgia,CES / YouGov,500,50.00378621460107,49.99621378539893
69537,2024-09-02,Michigan,The Washington Post,500,50.33393243861362,49.66606756138638
42160,2024-09-05,National,YouGov,500,46.85125042406744,53.14874957593256
87085,2024-08-03,National,CES / YouGov,500,46.85125042406744,53.14874957593256
16543,2024-07-24,Pennsylvania,Marquette Law School,500,48.73705074388027,51.26294925611973
70161,2024-08-15,North Carolina,Siena/NYT,500,51.268968553125795,48.731031446874205
31593,2024-08-08,Nebraska,Siena/NYT,500,37.589155685021595,62.410844314978405
73501,2024-08-29,Wisconsin,The Washington Post,500,48.38417799959747,51.61582200040253
96209,2024-08-22,National,Siena/NYT,500,46.85125042406744,53.14874957593256
17887,2024-07-30,Michigan,Marquette Law School,500,50.33393243861362,49.66606756138638
59671,2024-09-09,Wisconsin,The Washington Post,500,48.38417799959747,51.61582200040253
75217,2024-09-22,National,McCourtney Institute/YouGov,500,46.85125042406744,53.14874957593256
16714,2024-07-29,National,CES / YouGov,500,46.85125042406744,53.14874957593256
81463,2024-09-06,Michigan,The Washington Post,500,50.33393243861362,49.66606756138638
20242,2024-10-27,Wisconsin,Marquette Law School,500,48.38417799959747,51.61582200040253
90718,2024-07-31,Georgia,The Washington Post,500,50.00378621460107,49.99621378539893
70213,2024-10-10,Michigan,CES / YouGov,500,50.33393243861362,49.66606756138638
26273,2024-09-05,Texas,CES / YouGov,500,44.6924061572325,55.3075938427675
27675,2024-08-08,Wisconsin,McCourtney Institute/YouGov,500,48.38417799959747,51.61582200040253
38660,2024-08-11,National,McCourtney Institute/YouGov,500,46.85125042406744,53.14874957593256
41883,2024-08-06,National,The Washington Post,500,46.85125042406744,53.14874957593256
79318,2024-09-12,National,Marquette Law School,500,46.85125042406744,53.14874957593256
23297,2024-10-06,Michigan,Siena/NYT,500,50.33393243861362,49.66606756138638
16310,2024-08-08,National,YouGov,500,46.85125042406744,53.14874957593256
29202,2024-10-09,Georgia,CES / YouGov,500,50.00378621460107,49.99621378539893
72868,2024-07-31,National,The Washington Post,500,46.85125042406744,53.14874957593256
27274,2024-09-25,National,CES / YouGov,500,46.85125042406744,53.14874957593256
89185,2024-09-03,National,YouGov,500,46.85125042406744,53.14874957593256
83652,2024-08-23,Michigan,McCourtney Institute/YouGov,500,50.33393243861362,49.66606756138638
19547,2024-08-19,Michigan,Marquette Law School,500,50.33393243861362,49.66606756138638
19211,2024-08-28,Nevada,The Washington Post,500,46.62657409034553,53.37342590965447
85652,2024-09-01,North Carolina,Siena/NYT,500,51.268968553125795,48.731031446874205
94928,2024-08-05,Wisconsin,CES / YouGov,500,48.38417799959747,51.61582200040253
15060,2024-10-15,Pennsylvania,McCourtney Institute/YouGov,500,48.73705074388027,51.26294925611973
60387,2024-08-20,Wisconsin,McCourtney Institute/YouGov,500,48.38417799959747,51.61582200040253
18371,2024-09-06,Nevada,YouGov,500,46.62657409034553,53.37342590965447
98329,2024-10-14,National,Siena/NYT,500,46.85125042406744,53.14874957593256
76266,2024-10-16,Michigan,Siena/NYT,500,50.33393243861362,49.66606756138638
63291,2024-09-16,Florida,YouGov,500,44.15694111655989,55.84305888344011
71914,2024-09-08,Georgia,McCourtney Institute/YouGov,500,50.00378621460107,49.99621378539893
13800,2024-09-03,National,The Washington Post,500,46.85125042406744,53.14874957593256
80450,2024-09-05,Pennsylvania,Marquette Law School,500,48.73705074388027,51.26294925611973
88455,2024-09-26,National,The Washington Post,500,46.85125042406744,53.14874957593256
34806,2024-08-30,Michigan,Siena/NYT,500,50.33393243861362,49.66606756138638
52306,2024-10-04,Nebraska CD-2,CES / YouGov,500,52.166102060894566,47.833897939105434
17408,2024-09-23,Virginia,The Washington Post,500,51.917460920848605,48.082539079151395
40039,2024-09-15,National,Siena/NYT,500,46.85125042406744,53.14874957593256
28833,2024-09-14,Texas,YouGov,500,44.6924061572325,55.3075938427675
77714,2024-09-15,Wisconsin,YouGov,500,48.38417799959747,51.61582200040253
13628,2024-08-23,Michigan,McCourtney Institute/YouGov,500,50.33393243861362,49.66606756138638
30159,2024-10-05,National,YouGov,500,46.85125042406744,53.14874957593256
70926,2024-09-06,Pennsylvania,Marquette Law School,500,48.73705074388027,51.26294925611973
14768,2024-10-21,National,Siena/NYT,500,46.85125042406744,53.14874957593256
78233,2024-08-28,Pennsylvania,CES / YouGov,500,48.73705074388027,51.26294925611973
52920,2024-08-02,Georgia,Marquette Law School,500,50.00378621460107,49.99621378539893
24497,2024-09-26,National,The Washington Post,500,46.85125042406744,53.14874957593256
77027,2024-10-23,Michigan,Marquette Law School,500,50.33393243861362,49.66606756138638
31131,2024-10-22,National,CES / YouGov,500,46.85125042406744,53.14874957593256
29027,2024-10-21,Pennsylvania,YouGov,500,48.73705074388027,51.26294925611973
25187,2024-08-21,Wisconsin,CES / YouGov,500,48.38417799959747,51.61582200040253
71307,2024-08-17,North Carolina,The Washington Post,500,51.268968553125795,48.731031446874205
71264,2024-09-30,National,Siena/NYT,500,46.85125042406744,53.14874957593256
92934,2024-08-24,Pennsylvania,McCourtney Institute/YouGov,500,48.73705074388027,51.26294925611973
15792,2024-09-16,National,YouGov,500,46.85125042406744,53.14874957593256
75915,2024-09-11,Michigan,The Washington Post,500,50.33393243861362,49.66606756138638
64875,2024-10-16,North Carolina,Siena/NYT,500,51.268968553125795,48.731031446874205
98892,2024-07-23,National,McCourtney Institute/YouGov,500,46.85125042406744,53.14874957593256
33114,2024-09-09,National,Marquette Law School,500,46.85125042406744,53.14874957593256
66119,2024-10-02,Pennsylvania,Marquette Law School,500,48.73705074388027,51.26294925611973
14183,2024-10-11,North Carolina,The Washington Post,500,51.268968553125795,48.731031446874205
61608,2024-10-25,Georgia,Siena/NYT,500,50.00378621460107,49.99621378539893
82360,2024-08-13,National,Marquette Law School,500,46.85125042406744,53.14874957593256
19266,2024-08-04,National,CES / YouGov,500,46.85125042406744,53.14874957593256
76895,2024-08-04,National,YouGov,500,46.85125042406744,53.14874957593256
95116,2024-08-14,National,Siena/NYT,500,46.85125042406744,53.14874957593256
78333,2024-09-28,Pennsylvania,The Washington Post,500,48.73705074388027,51.26294925611973
33940,2024-07-23,National,YouGov,500,46.85125042406744,53.14874957593256
27927,2024-09-20,National,Marquette Law School,500,46.85125042406744,53.14874957593256
97753,2024-08-19,Michigan,Siena/NYT,500,50.33393243861362,49.66606756138638
44357,2024-08-09,Pennsylvania,The Washington Post,500,48.73705074388027,51.26294925611973
42305,2024-09-02,National,YouGov,500,46.85125042406744,53.14874957593256
68267,2024-07-27,Pennsylvania,Siena/NYT,500,48.73705074388027,51.26294925611973
60775,2024-09-04,Wisconsin,Siena/NYT,500,48.38417799959747,51.61582200040253
23293,2024-10-09,Pennsylvania,Marquette Law School,500,48.73705074388027,51.26294925611973
65255,2024-09-27,National,YouGov,500,46.85125042406744,53.14874957593256
62346,2024-09-14,National,CES / YouGov,500,46.85125042406744,53.14874957593256
90928,2024-10-10,North Carolina,McCourtney Institute/YouGov,500,51.268968553125795,48.731031446874205
30279,2024-09-17,Nebraska,YouGov,500,37.589155685021595,62.410844314978405
47617,2024-08-01,Florida,Marquette Law School,500,44.15694111655989,55.84305888344011
62100,2024-09-28,Wisconsin,CES / YouGov,500,48.38417799959747,51.61582200040253
96987,2024-07-26,National,The Washington Post,500,46.85125042406744,53.14874957593256
70570,2024-08-04,North Carolina,Siena/NYT,500,51.268968553125795,48.731031446874205
20915,2024-09-23,Pennsylvania,CES / YouGov,500,48.73705074388027,51.26294925611973
60804,2024-07-23,National,CES / YouGov,500,46.85125042406744,53.14874957593256
61184,2024-10-17,Pennsylvania,The Washington Post,500,48.73705074388027,51.26294925611973
51313,2024-10-13,National,CES / YouGov,500,46.85125042406744,53.14874957593256
16481,2024-09-10,Wisconsin,The Washington Post,500,48.38417799959747,51.61582200040253
36172,2024-09-16,Texas,McCourtney Institute/YouGov,500,44.6924061572325,55.3075938427675
96197,2024-09-14,National,Siena/NYT,500,46.85125042406744,53.14874957593256
92521,2024-09-23,Wisconsin,Siena/NYT,500,48.38417799959747,51.61582200040253
78937,2024-10-05,National,The Washington Post,500,46.85125042406744,53.14874957593256
10435,2024-10-11,Florida,YouGov,500,44.15694111655989,55.84305888344011
59363,2024-09-30,Nevada,YouGov,500,46.62657409034553,53.37342590965447
57279,2024-07-27,National,McCourtney Institute/YouGov,500,46.85125042406744,53.14874957593256
77269,2024-08-22,National,YouGov,500,46.85125042406744,53.14874957593256
67315,2024-10-05,National,The Washington Post,500,46.85125042406744,53.14874957593256
50991,2024-10-23,National,The Washington Post,500,46.85125042406744,53.14874957593256
41631,2024-08-08,Wisconsin,YouGov,500,48.38417799959747,51.61582200040253
46668,2024-09-29,Wisconsin,YouGov,500,48.38417799959747,51.61582200040253
93745,2024-08-06,National,The Washington Post,500,46.85125042406744,53.14874957593256
94741,2024-08-29,National,CES / YouGov,500,46.85125042406744,53.14874957593256
97060,2024-10-18,National,The Washington Post,500,46.85125042406744,53.14874957593256
69224,2024-08-13,Pennsylvania,CES / YouGov,500,48.73705074388027,51.26294925611973
62791,2024-10-22,National,McCourtney Institute/YouGov,500,46.85125042406744,53.14874957593256
21545,2024-10-24,National,CES / YouGov,500,46.85125042406744,53.14874957593256
94200,2024-10-20,Michigan,CES / YouGov,500,50.33393243861362,49.66606756138638
32249,2024-09-23,Georgia,Marquette Law School,500,50.00378621460107,49.99621378539893
31565,2024-07-23,Florida,CES / YouGov,500,44.15694111655989,55.84305888344011
44224,2024-09-02,National,McCourtney Institute/YouGov,500,46.85125042406744,53.14874957593256
67144,2024-09-23,Wisconsin,McCourtney Institute/YouGov,500,48.38417799959747,51.61582200040253
75370,2024-10-14,Pennsylvania,CES / YouGov,500,48.73705074388027,51.26294925611973
92183,2024-08-25,Pennsylvania,The Washington Post,500,48.73705074388027,51.26294925611973
83179,2024-08-23,National,Siena/NYT,500,46.85125042406744,53.14874957593256
65982,2024-09-24,Georgia,YouGov,500,50.00378621460107,49.99621378539893
93963,2024-08-23,North Carolina,CES / YouGov,500,51.268968553125795,48.731031446874205
78865,2024-07-22,Pennsylvania,Siena/NYT,500,48.73705074388027,51.26294925611973
63064,2024-07-31,Nebraska,The Washington Post,500,37.589155685021595,62.410844314978405
68272,2024-07-25,Wisconsin,McCourtney Institute/YouGov,500,48.38417799959747,51.61582200040253
67422,2024-10-18,New Hampshire,YouGov,500,52.74222416963071,47.25777583036929
39836,2024-09-07,National,CES / YouGov,500,46.85125042406744,53.14874957593256
28369,2024-08-11,North Carolina,YouGov,500,51.268968553125795,48.731031446874205
14325,2024-10-21,Nevada,Siena/NYT,500,46.62657409034553,53.37342590965447
62056,2024-07-24,Wisconsin,McCourtney Institute/YouGov,500,48.38417799959747,51.61582200040253
63784,2024-07-24,Nebraska,Marquette Law School,500,37.589155685021595,62.410844314978405
29667,2024-10-11,Pennsylvania,Siena/NYT,500,48.73705074388027,51.26294925611973
69437,2024-10-07,Pennsylvania,Marquette Law School,500,48.73705074388027,51.26294925611973
78904,2024-09-14,Minnesota,CES / YouGov,500,51.480565777957715,48.519434222042285
20774,2024-07-31,Wisconsin,Siena/NYT,500,48.38417799959747,51.61582200040253
44973,2024-09-09,Michigan,The Washington Post,500,50.33393243861362,49.66606756138638
26207,2024-08-15,Pennsylvania,McCourtney Institute/YouGov,500,48.73705074388027,51.26294925611973
55548,2024-10-20,National,McCourtney Institute/YouGov,500,46.85125042406744,53.14874957593256
80694,2024-09-17,National,The Washington Post,500,46.85125042406744,53.14874957593256
29087,2024-09-07,Florida,CES / YouGov,500,44.15694111655989,55.84305888344011
57769,2024-09-17,Texas,CES / YouGov,500,44.6924061572325,55.3075938427675
98988,2024-08-03,Pennsylvania,YouGov,500,48.73705074388027,51.26294925611973
38628,2024-07-28,Wisconsin,Marquette Law School,500,48.38417799959747,51.61582200040253
46250,2024-09-14,National,Siena/NYT,500,46.85125042406744,53.14874957593256
12460,2024-09-08,National,The Washington Post,500,46.85125042406744,53.14874957593256
64700,2024-08-19,National,Siena/NYT,500,46.85125042406744,53.14874957593256
29131,2024-08-25,National,CES / YouGov,500,46.85125042406744,53.14874957593256
37049,2024-07-25,Pennsylvania,YouGov,500,48.73705074388027,51.26294925611973
40031,2024-09-20,Pennsylvania,The Washington Post,500,48.73705074388027,51.26294925611973
50156,2024-09-01,National,McCourtney Institute/YouGov,500,46.85125042406744,53.14874957593256
61962,2024-10-12,National,Siena/NYT,500,46.85125042406744,53.14874957593256
82249,2024-08-18,Georgia,Marquette Law School,500,50.00378621460107,49.99621378539893
15753,2024-08-17,Wisconsin,The Washington Post,500,48.38417799959747,51.61582200040253
46871,2024-09-14,National,YouGov,500,46.85125042406744,53.14874957593256
10522,2024-08-14,National,YouGov,500,46.85125042406744,53.14874957593256
78301,2024-08-30,Pennsylvania,McCourtney Institute/YouGov,500,48.73705074388027,51.26294925611973
79255,2024-09-02,National,Marquette Law School,500,46.85125042406744,53.14874957593256
26908,2024-08-22,North Carolina,The Washington Post,500,51.268968553125795,48.731031446874205
86672,2024-07-28,Michigan,Siena/NYT,500,50.33393243861362,49.66606756138638
60854,2024-10-01,Michigan,Marquette Law School,500,50.33393243861362,49.66606756138638
90114,2024-10-23,Michigan,The Washington Post,500,50.33393243861362,49.66606756138638
49299,2024-08-06,National,Marquette Law School,500,46.85125042406744,53.14874957593256
75891,2024-08-20,National,McCourtney Institute/YouGov,500,46.85125042406744,53.14874957593256
86443,2024-09-09,Michigan,Marquette Law School,500,50.33393243861362,49.66606756138638
91451,2024-08-09,Pennsylvania,The Washington Post,500,48.73705074388027,51.26294925611973
22436,2024-10-06,Texas,CES / YouGov,500,44.6924061572325,55.3075938427675
15132,2024-10-01,Michigan,The Washington Post,500,50.33393243861362,49.66606756138638
37263,2024-08-08,Georgia,YouGov,500,50.00378621460107,49.99621378539893
53706,2024-08-24,Florida,Siena/NYT,500,44.15694111655989,55.84305888344011
89342,2024-08-26,Pennsylvania,Siena/NYT,500,48.73705074388027,51.26294925611973
72684,2024-09-02,National,Siena/NYT,500,46.85125042406744,53.14874957593256
71021,2024-10-02,Nebraska,Siena/NYT,500,37.589155685021595,62.410844314978405
63773,2024-10-27,National,Marquette Law School,500,46.85125042406744,53.14874957593256
56211,2024-10-07,National,Siena/NYT,500,46.85125042406744,53.14874957593256
60654,2024-09-05,National,CES / YouGov,500,46.85125042406744,53.14874957593256
96962,2024-08-21,National,YouGov,500,46.85125042406744,53.14874957593256
67933,2024-10-04,Pennsylvania,Siena/NYT,500,48.73705074388027,51.26294925611973
53989,2024-10-11,National,McCourtney Institute/YouGov,500,46.85125042406744,53.14874957593256
91007,2024-09-17,National,McCourtney Institute/YouGov,500,46.85125042406744,53.14874957593256
46113,2024-09-22,Nebraska,The Washington Post,500,37.589155685021595,62.410844314978405
11096,2024-09-15,Pennsylvania,Siena/NYT,500,48.73705074388027,51.26294925611973
44626,2024-10-04,Georgia,Siena/NYT,500,50.00378621460107,49.99621378539893
86009,2024-10-21,National,YouGov,500,46.85125042406744,53.14874957593256
49926,2024-07-31,Wisconsin,Siena/NYT,500,48.38417799959747,51.61582200040253
68802,2024-07-26,Michigan,Siena/NYT,500,50.33393243861362,49.66606756138638
53322,2024-09-29,Michigan,CES / YouGov,500,50.33393243861362,49.66606756138638
95986,2024-10-01,Georgia,The Washington Post,500,50.00378621460107,49.99621378539893
17713,2024-10-16,Pennsylvania,CES / YouGov,500,48.73705074388027,51.26294925611973
67044,2024-10-26,Wisconsin,CES / YouGov,500,48.38417799959747,51.61582200040253
53764,2024-10-08,Michigan,The Washington Post,500,50.33393243861362,49.66606756138638
48988,2024-08-24,Nevada,Marquette Law School,500,46.62657409034553,53.37342590965447
88982,2024-10-14,Pennsylvania,CES / YouGov,500,48.73705074388027,51.26294925611973
14951,2024-09-20,National,The Washington Post,500,46.85125042406744,53.14874957593256
43036,2024-09-23,National,The Washington Post,500,46.85125042406744,53.14874957593256
96811,2024-07-23,National,McCourtney Institute/YouGov,500,46.85125042406744,53.14874957593256
75219,2024-08-08,National,CES / YouGov,500,46.85125042406744,53.14874957593256
74291,2024-07-22,Wisconsin,The Washington Post,500,48.38417799959747,51.61582200040253
21355,2024-08-16,National,YouGov,500,46.85125042406744,53.14874957593256
61008,2024-08-10,Michigan,McCourtney Institute/YouGov,500,50.33393243861362,49.66606756138638
70374,2024-10-06,Pennsylvania,Marquette Law School,500,48.73705074388027,51.26294925611973
58015,2024-09-13,Wisconsin,The Washington Post,500,48.38417799959747,51.61582200040253
83283,2024-10-28,North Carolina,Siena/NYT,500,51.268968553125795,48.731031446874205
34399,2024-07-21,National,YouGov,500,46.85125042406744,53.14874957593256
36021,2024-08-18,National,YouGov,500,46.85125042406744,53.14874957593256
46995,2024-09-17,Texas,The Washington Post,500,44.6924061572325,55.3075938427675
54201,2024-10-29,Nebraska,CES / YouGov,500,37.589155685021595,62.410844314978405
56635,2024-08-29,North Carolina,Siena/NYT,500,51.268968553125795,48.731031446874205
94489,2024-08-19,Pennsylvania,YouGov,500,48.73705074388027,51.26294925611973
56104,2024-08-15,Michigan,The Washington Post,500,50.33393243861362,49.66606756138638
64511,2024-10-02,National,YouGov,500,46.85125042406744,53.14874957593256
60231,2024-08-27,Michigan,Marquette Law School,500,50.33393243861362,49.66606756138638
35946,2024-08-10,North Carolina,Marquette Law School,500,51.268968553125795,48.731031446874205
98072,2024-09-12,National,Marquette Law School,500,46.85125042406744,53.14874957593256
17918,2024-09-16,Wisconsin,YouGov,500,48.38417799959747,51.61582200040253
89979,2024-09-26,National,CES / YouGov,500,46.85125042406744,53.14874957593256
31898,2024-08-23,National,McCourtney Institute/YouGov,500,46.85125042406744,53.14874957593256
21921,2024-09-14,National,YouGov,500,46.85125042406744,53.14874957593256
22994,2024-08-07,Michigan,Marquette Law School,500,50.33393243861362,49.66606756138638
44107,2024-07-23,Nebraska,McCourtney Institute/YouGov,500,37.589155685021595,62.410844314978405
81297,2024-09-25,Wisconsin,Marquette Law School,500,48.38417799959747,51.61582200040253
24293,2024-08-12,Michigan,Siena/NYT,500,50.33393243861362,49.66606756138638
65075,2024-08-02,Wisconsin,McCourtney Institute/YouGov,500,48.38417799959747,51.61582200040253
61206,2024-09-10,Georgia,CES / YouGov,500,50.00378621460107,49.99621378539893
82508,2024-08-15,Texas,Siena/NYT,500,44.6924061572325,55.3075938427675
27945,2024-08-17,Texas,CES / YouGov,500,44.6924061572325,55.3075938427675
97238,2024-10-12,National,Marquette Law School,500,46.85125042406744,53.14874957593256
32632,2024-10-22,Nevada,CES / YouGov,500,46.62657409034553,53.37342590965447
48007,2024-07-28,Wisconsin,Marquette Law School,500,48.38417799959747,51.61582200040253
81469,2024-08-31,Michigan,Marquette Law School,500,50.33393243861362,49.66606756138638
11923,2024-07-28,Texas,Siena/NYT,500,44.6924061572325,55.3075938427675
87507,2024-08-24,Georgia,Siena/NYT,500,50.00378621460107,49.99621378539893
32206,2024-08-04,National,Siena/NYT,500,46.85125042406744,53.14874957593256
74748,2024-10-19,National,Siena/NYT,500,46.85125042406744,53.14874957593256
87775,2024-10-07,Pennsylvania,CES / YouGov,500,48.73705074388027,51.26294925611973
33650,2024-08-26,National,Marquette Law School,500,46.85125042406744,53.14874957593256
77569,2024-07-24,Pennsylvania,The Washington Post,500,48.73705074388027,51.26294925611973
17147,2024-10-12,Wisconsin,YouGov,500,48.38417799959747,51.61582200040253
90750,2024-09-02,National,CES / YouGov,500,46.85125042406744,53.14874957593256
82880,2024-09-26,Wisconsin,CES / YouGov,500,48.38417799959747,51.61582200040253
32790,2024-10-02,Pennsylvania,YouGov,500,48.73705074388027,51.26294925611973
36640,2024-08-04,Michigan,The Washington Post,500,50.33393243861362,49.66606756138638
65847,2024-10-10,Georgia,McCourtney Institute/YouGov,500,50.00378621460107,49.99621378539893
84705,2024-08-22,North Carolina,YouGov,500,51.268968553125795,48.731031446874205
15255,2024-09-25,Virginia,McCourtney Institute/YouGov,500,51.917460920848605,48.082539079151395
23816,2024-08-17,Wisconsin,McCourtney Institute/YouGov,500,48.38417799959747,51.61582200040253
17571,2024-10-25,Georgia,CES / YouGov,500,50.00378621460107,49.99621378539893
98155,2024-10-06,National,CES / YouGov,500,46.85125042406744,53.14874957593256
42181,2024-08-28,Pennsylvania,Marquette Law School,500,48.73705074388027,51.26294925611973
13345,2024-10-04,Michigan,The Washington Post,500,50.33393243861362,49.66606756138638
66746,2024-10-11,Michigan,CES / YouGov,500,50.33393243861362,49.66606756138638
97349,2024-09-07,National,CES / YouGov,500,46.85125042406744,53.14874957593256
27343,2024-08-18,Wisconsin,YouGov,500,48.38417799959747,51.61582200040253
35955,2024-09-21,National,Marquette Law School,500,46.85125042406744,53.14874957593256
78400,2024-09-28,Texas,The Washington Post,500,44.6924061572325,55.3075938427675
27251,2024-08-16,Michigan,YouGov,500,50.33393243861362,49.66606756138638
55621,2024-08-17,Michigan,Marquette Law School,500,50.33393243861362,49.66606756138638
99718,2024-09-15,Pennsylvania,YouGov,500,48.73705074388027,51.26294925611973
92580,2024-09-19,Minnesota,YouGov,500,51.480565777957715,48.519434222042285
13380,2024-09-08,National,CES / YouGov,500,46.85125042406744,53.14874957593256
71271,2024-10-27,National,McCourtney Institute/YouGov,500,46.85125042406744,53.14874957593256
24457,2024-08-06,Pennsylvania,YouGov,500,48.73705074388027,51.26294925611973
60633,2024-08-20,National,CES / YouGov,500,46.85125042406744,53.14874957593256
76471,2024-08-24,National,Siena/NYT,500,46.85125042406744,53.14874957593256
80616,2024-08-07,Wisconsin,Siena/NYT,500,48.38417799959747,51.61582200040253
54176,2024-10-22,National,The Washington Post,500,46.85125042406744,53.14874957593256
13093,2024-08-14,National,YouGov,500,46.85125042406744,53.14874957593256
68858,2024-09-11,Michigan,Marquette Law School,500,50.33393243861362,49.66606756138638
68145,2024-10-09,National,YouGov,500,46.85125042406744,53.14874957593256
18433,2024-10-27,Pennsylvania,Marquette Law School,500,48.73705074388027,51.26294925611973
88194,2024-08-15,Michigan,McCourtney Institute/YouGov,500,50.33393243861362,49.66606756138638
65703,2024-09-07,Wisconsin,YouGov,500,48.38417799959747,51.61582200040253
64188,2024-08-17,Georgia,The Washington Post,500,50.00378621460107,49.99621378539893
12793,2024-09-11,Georgia,CES / YouGov,500,50.00378621460107,49.99621378539893
36178,2024-10-28,Pennsylvania,Marquette Law School,500,48.73705074388027,51.26294925611973
32674,2024-07-23,Nebraska,CES / YouGov,500,37.589155685021595,62.410844314978405
74817,2024-10-02,Wisconsin,Marquette Law School,500,48.38417799959747,51.61582200040253
33124,2024-09-10,Pennsylvania,CES / YouGov,500,48.73705074388027,51.26294925611973
61822,2024-08-15,Georgia,The Washington Post,500,50.00378621460107,49.99621378539893
94493,2024-10-03,National,Siena/NYT,500,46.85125042406744,53.14874957593256
42052,2024-10-09,Wisconsin,McCourtney Institute/YouGov,500,48.38417799959747,51.61582200040253
28760,2024-08-03,Pennsylvania,CES / YouGov,500,48.73705074388027,51.26294925611973
74370,2024-08-29,Nevada,YouGov,500,46.62657409034553,53.37342590965447
91856,2024-10-24,National,McCourtney Institute/YouGov,500,46.85125042406744,53.14874957593256
13789,2024-09-05,National,Siena/NYT,500,46.85125042406744,53.14874957593256
11409,2024-08-22,Texas,CES / YouGov,500,44.6924061572325,55.3075938427675
78886,2024-09-30,North Carolina,McCourtney Institute/YouGov,500,51.268968553125795,48.731031446874205
91729,2024-07-28,National,YouGov,500,46.85125042406744,53.14874957593256
52511,2024-10-16,Nebraska CD-2,YouGov,500,52.166102060894566,47.833897939105434
12976,2024-09-14,Wisconsin,Marquette Law School,500,48.38417799959747,51.61582200040253
37886,2024-09-03,National,Marquette Law School,500,46.85125042406744,53.14874957593256
54693,2024-10-18,Wisconsin,Marquette Law School,500,48.38417799959747,51.61582200040253
79873,2024-08-27,Wisconsin,The Washington Post,500,48.38417799959747,51.61582200040253
86498,2024-10-21,National,YouGov,500,46.85125042406744,53.14874957593256
82318,2024-07-31,Michigan,The Washington Post,500,50.33393243861362,49.66606756138638
24265,2024-08-14,Nebraska CD-2,Marquette Law School,500,52.166102060894566,47.833897939105434
82765,2024-09-08,Nebraska CD-2,Marquette Law School,500,52.166102060894566,47.833897939105434
13978,2024-08-16,Wisconsin,McCourtney Institute/YouGov,500,48.38417799959747,51.61582200040253
53870,2024-09-12,Pennsylvania,The Washington Post,500,48.73705074388027,51.26294925611973
26880,2024-07-23,Pennsylvania,Marquette Law School,500,48.73705074388027,51.26294925611973
29248,2024-09-01,Michigan,McCourtney Institute/YouGov,500,50.33393243861362,49.66606756138638
36852,2024-08-07,National,Marquette Law School,500,46.85125042406744,53.14874957593256
90106,2024-08-26,National,The Washington Post,500,46.85125042406744,53.14874957593256
38142,2024-09-24,Pennsylvania,Siena/NYT,500,48.73705074388027,51.26294925611973
32990,2024-09-19,Pennsylvania,Marquette Law School,500,48.73705074388027,51.26294925611973
96781,2024-09-23,Wisconsin,Siena/NYT,500,48.38417799959747,51.61582200040253
12144,2024-08-07,National,Siena/NYT,500,46.85125042406744,53.14874957593256
98864,2024-07-21,National,CES / YouGov,500,46.85125042406744,53.14874957593256
64338,2024-10-23,Pennsylvania,Siena/NYT,500,48.73705074388027,51.26294925611973
24076,2024-09-25,Pennsylvania,McCourtney Institute/YouGov,500,48.73705074388027,51.26294925611973
57680,2024-10-25,Wisconsin,Siena/NYT,500,48.38417799959747,51.61582200040253
82496,2024-08-06,Nebraska CD-2,The Washington Post,500,52.166102060894566,47.833897939105434
30942,2024-07-29,Pennsylvania,CES / YouGov,500,48.73705074388027,51.26294925611973
53207,2024-10-07,Texas,McCourtney Institute/YouGov,500,44.6924061572325,55.3075938427675
59986,2024-07-31,National,Marquette Law School,500,46.85125042406744,53.14874957593256
29109,2024-07-28,Georgia,CES / YouGov,500,50.00378621460107,49.99621378539893
20512,2024-08-05,Florida,Marquette Law School,500,44.15694111655989,55.84305888344011
63386,2024-10-03,Florida,McCourtney Institute/YouGov,500,44.15694111655989,55.84305888344011
84197,2024-10-27,Georgia,Siena/NYT,500,50.00378621460107,49.99621378539893
86808,2024-10-17,National,Siena/NYT,500,46.85125042406744,53.14874957593256
61937,2024-08-21,Michigan,CES / YouGov,500,50.33393243861362,49.66606756138638
57651,2024-09-02,North Carolina,McCourtney Institute/YouGov,500,51.268968553125795,48.731031446874205
34398,2024-09-05,Georgia,McCourtney Institute/YouGov,500,50.00378621460107,49.99621378539893
14395,2024-09-28,Michigan,The Washington Post,500,50.33393243861362,49.66606756138638
73014,2024-08-26,National,McCourtney Institute/YouGov,500,46.85125042406744,53.14874957593256
28599,2024-07-24,Wisconsin,Siena/NYT,500,48.38417799959747,51.61582200040253
88021,2024-08-10,Wisconsin,The Washington Post,500,48.38417799959747,51.61582200040253
17561,2024-08-27,Pennsylvania,The Washington Post,500,48.73705074388027,51.26294925611973
77138,2024-08-30,National,The Washington Post,500,46.85125042406744,53.14874957593256
73556,2024-09-20,Florida,CES / YouGov,500,44.15694111655989,55.84305888344011
91403,2024-10-08,Georgia,The Washington Post,500,50.00378621460107,49.99621378539893
89454,2024-09-16,Nebraska CD-2,CES / YouGov,500,52.166102060894566,47.833897939105434
57137,2024-08-08,Texas,The Washington Post,500,44.6924061572325,55.3075938427675
11401,2024-08-25,National,The Washington Post,500,46.85125042406744,53.14874957593256
94151,2024-10-14,National,CES / YouGov,500,46.85125042406744,53.14874957593256
63627,2024-10-08,North Carolina,Marquette Law School,500,51.268968553125795,48.731031446874205
94865,2024-09-22,National,Marquette Law School,500,46.85125042406744,53.14874957593256
38242,2024-08-28,Nebraska CD-2,The Washington Post,500,52.166102060894566,47.833897939105434
41283,2024-10-08,Wisconsin,Siena/NYT,500,48.38417799959747,51.61582200040253
40563,2024-10-14,Georgia,CES / YouGov,500,50.00378621460107,49.99621378539893
69033,2024-09-12,Florida,YouGov,500,44.15694111655989,55.84305888344011
78464,2024-09-09,Nebraska,Siena/NYT,500,37.589155685021595,62.410844314978405
51158,2024-10-15,North Carolina,Siena/NYT,500,51.268968553125795,48.731031446874205
84504,2024-09-03,North Carolina,Siena/NYT,500,51.268968553125795,48.731031446874205
80007,2024-08-23,National,Marquette Law School,500,46.85125042406744,53.14874957593256
72466,2024-08-14,Pennsylvania,McCourtney Institute/YouGov,500,48.73705074388027,51.26294925611973
58659,2024-09-18,Pennsylvania,CES / YouGov,500,48.73705074388027,51.26294925611973
22164,2024-09-03,Texas,Marquette Law School,500,44.6924061572325,55.3075938427675
57981,2024-08-09,Pennsylvania,McCourtney Institute/YouGov,500,48.73705074388027,51.26294925611973
43935,2024-09-19,National,CES / YouGov,500,46.85125042406744,53.14874957593256
12397,2024-10-24,Texas,McCourtney Institute/YouGov,500,44.6924061572325,55.3075938427675
50547,2024-09-06,National,YouGov,500,46.85125042406744,53.14874957593256
63449,2024-07-26,Michigan,Marquette Law School,500,50.33393243861362,49.66606756138638
52953,2024-10-15,Michigan,CES / YouGov,500,50.33393243861362,49.66606756138638
74890,2024-10-26,Minnesota,Marquette Law School,500,51.480565777957715,48.519434222042285
72597,2024-09-01,North Carolina,CES / YouGov,500,51.268968553125795,48.731031446874205
75207,2024-09-30,National,McCourtney Institute/YouGov,500,46.85125042406744,53.14874957593256
64287,2024-09-07,Florida,Marquette Law School,500,44.15694111655989,55.84305888344011
91056,2024-08-10,Georgia,Siena/NYT,500,50.00378621460107,49.99621378539893
32737,2024-10-18,Michigan,McCourtney Institute/YouGov,500,50.33393243861362,49.66606756138638
84223,2024-08-12,Michigan,Siena/NYT,500,50.33393243861362,49.66606756138638
61386,2024-08-30,National,Siena/NYT,500,46.85125042406744,53.14874957593256
32534,2024-08-14,National,YouGov,500,46.85125042406744,53.14874957593256
13544,2024-09-27,Texas,Siena/NYT,500,44.6924061572325,55.3075938427675
11590,2024-09-07,Pennsylvania,The Washington Post,500,48.73705074388027,51.26294925611973
25086,2024-09-07,Georgia,Marquette Law School,500,50.00378621460107,49.99621378539893
91302,2024-10-16,National,YouGov,500,46.85125042406744,53.14874957593256
85634,2024-08-09,National,Siena/NYT,500,46.85125042406744,53.14874957593256
28944,2024-09-15,National,YouGov,500,46.85125042406744,53.14874957593256
98019,2024-09-14,Michigan,Siena/NYT,500,50.33393243861362,49.66606756138638
34558,2024-08-21,Nebraska CD-2,The Washington Post,500,52.166102060894566,47.833897939105434
29643,2024-08-16,Florida,Marquette Law School,500,44.15694111655989,55.84305888344011
38103,2024-09-03,National,Siena/NYT,500,46.85125042406744,53.14874957593256
97358,2024-08-08,National,YouGov,500,46.85125042406744,53.14874957593256
67116,2024-10-08,Wisconsin,Marquette Law School,500,48.38417799959747,51.61582200040253
73935,2024-07-25,National,The Washington Post,500,46.85125042406744,53.14874957593256
92696,2024-10-06,Michigan,Siena/NYT,500,50.33393243861362,49.66606756138638
82013,2024-09-30,National,McCourtney Institute/YouGov,500,46.85125042406744,53.14874957593256
99888,2024-10-09,National,The Washington Post,500,46.85125042406744,53.14874957593256
32284,2024-08-05,National,The Washington Post,500,46.85125042406744,53.14874957593256
19855,2024-10-07,Pennsylvania,McCourtney Institute/YouGov,500,48.73705074388027,51.26294925611973
98164,2024-10-09,National,CES / YouGov,500,46.85125042406744,53.14874957593256
97583,2024-09-03,Wisconsin,CES / YouGov,500,48.38417799959747,51.61582200040253
34627,2024-09-16,National,McCourtney Institute/YouGov,500,46.85125042406744,53.14874957593256
57473,2024-07-25,Pennsylvania,Marquette Law School,500,48.73705074388027,51.26294925611973
36288,2024-10-14,Pennsylvania,YouGov,500,48.73705074388027,51.26294925611973
26076,2024-09-02,Michigan,CES / YouGov,500,50.33393243861362,49.66606756138638
32635,2024-08-11,Nebraska CD-2,The Washington Post,500,52.166102060894566,47.833897939105434
29042,2024-09-29,Georgia,The Washington Post,500,50.00378621460107,49.99621378539893
10775,2024-08-07,National,The Washington Post,500,46.85125042406744,53.14874957593256
93737,2024-07-26,Pennsylvania,YouGov,500,48.73705074388027,51.26294925611973
50310,2024-10-07,National,CES / YouGov,500,46.85125042406744,53.14874957593256
43486,2024-09-29,Nebraska CD-2,McCourtney Institute/YouGov,500,52.166102060894566,47.833897939105434
56744,2024-10-21,Georgia,YouGov,500,50.00378621460107,49.99621378539893
50043,2024-08-30,Wisconsin,Siena/NYT,500,48.38417799959747,51.61582200040253
21821,2024-10-28,Virginia,YouGov,500,51.917460920848605,48.082539079151395
64627,2024-07-25,Michigan,Marquette Law School,500,50.33393243861362,49.66606756138638
90725,2024-08-28,Wisconsin,The Washington Post,500,48.38417799959747,51.61582200040253
43777,2024-10-15,Texas,Marquette Law School,500,44.6924061572325,55.3075938427675
70042,2024-08-07,National,YouGov,500,46.85125042406744,53.14874957593256
15420,2024-09-02,National,The Washington Post,500,46.85125042406744,53.14874957593256
26536,2024-10-02,Michigan,CES / YouGov,500,50.33393243861362,49.66606756138638
35498,2024-08-27,National,Siena/NYT,500,46.85125042406744,53.14874957593256
13678,2024-08-30,National,McCourtney Institute/YouGov,500,46.85125042406744,53.14874957593256
45897,2024-09-23,National,The Washington Post,500,46.85125042406744,53.14874957593256
77343,2024-07-21,Nebraska,Siena/NYT,500,37.589155685021595,62.410844314978405
87768,2024-09-12,National,Marquette Law School,500,46.85125042406744,53.14874957593256
21962,2024-09-24,National,Siena/NYT,500,46.85125042406744,53.14874957593256
99827,2024-10-01,Nebraska CD-2,YouGov,500,52.166102060894566,47.833897939105434
32101,2024-08-19,National,CES / YouGov,500,46.85125042406744,53.14874957593256
26639,2024-08-24,Montana,Siena/NYT,500,NA,NA
64895,2024-08-23,National,Marquette Law School,500,46.85125042406744,53.14874957593256
94566,2024-08-07,Georgia,YouGov,500,50.00378621460107,49.99621378539893
57961,2024-07-23,Florida,The Washington Post,500,44.15694111655989,55.84305888344011
12682,2024-09-30,Pennsylvania,Marquette Law School,500,48.73705074388027,51.26294925611973
26111,2024-09-08,Georgia,Marquette Law School,500,50.00378621460107,49.99621378539893
99256,2024-08-05,Florida,Siena/NYT,500,44.15694111655989,55.84305888344011
63075,2024-10-19,Florida,Marquette Law School,500,44.15694111655989,55.84305888344011
43411,2024-07-28,National,McCourtney Institute/YouGov,500,46.85125042406744,53.14874957593256
79362,2024-08-20,Georgia,McCourtney Institute/YouGov,500,50.00378621460107,49.99621378539893
33941,2024-08-24,Georgia,Siena/NYT,500,50.00378621460107,49.99621378539893
46439,2024-08-29,Wisconsin,CES / YouGov,500,48.38417799959747,51.61582200040253
12598,2024-09-15,Michigan,The Washington Post,500,50.33393243861362,49.66606756138638
78225,2024-10-20,Michigan,Marquette Law School,500,50.33393243861362,49.66606756138638
92260,2024-09-09,Texas,CES / YouGov,500,44.6924061572325,55.3075938427675
98811,2024-08-19,Pennsylvania,McCourtney Institute/YouGov,500,48.73705074388027,51.26294925611973
41598,2024-08-04,Georgia,CES / YouGov,500,50.00378621460107,49.99621378539893
10443,2024-08-06,Georgia,The Washington Post,500,50.00378621460107,49.99621378539893
27380,2024-10-23,Nebraska,Siena/NYT,500,37.589155685021595,62.410844314978405
74827,2024-09-03,National,Marquette Law School,500,46.85125042406744,53.14874957593256
39467,2024-10-10,Pennsylvania,CES / YouGov,500,48.73705074388027,51.26294925611973
44437,2024-10-01,North Carolina,The Washington Post,500,51.268968553125795,48.731031446874205
20576,2024-07-28,Pennsylvania,McCourtney Institute/YouGov,500,48.73705074388027,51.26294925611973
18918,2024-09-09,North Carolina,CES / YouGov,500,51.268968553125795,48.731031446874205
98669,2024-08-14,National,Marquette Law School,500,46.85125042406744,53.14874957593256
46072,2024-07-27,Georgia,Siena/NYT,500,50.00378621460107,49.99621378539893
40438,2024-08-05,Michigan,The Washington Post,500,50.33393243861362,49.66606756138638
46782,2024-09-13,Wisconsin,CES / YouGov,500,48.38417799959747,51.61582200040253
76406,2024-08-25,Georgia,The Washington Post,500,50.00378621460107,49.99621378539893
74470,2024-10-01,National,CES / YouGov,500,46.85125042406744,53.14874957593256
54839,2024-10-10,National,The Washington Post,500,46.85125042406744,53.14874957593256
65057,2024-07-28,Wisconsin,CES / YouGov,500,48.38417799959747,51.61582200040253
22402,2024-08-27,Wisconsin,The Washington Post,500,48.38417799959747,51.61582200040253
52457,2024-10-29,Nebraska CD-2,McCourtney Institute/YouGov,500,52.166102060894566,47.833897939105434
91924,2024-08-19,Pennsylvania,McCourtney Institute/YouGov,500,48.73705074388027,51.26294925611973
16030,2024-10-12,National,YouGov,500,46.85125042406744,53.14874957593256
77452,2024-10-27,Wisconsin,Siena/NYT,500,48.38417799959747,51.61582200040253
35873,2024-09-10,Wisconsin,Marquette Law School,500,48.38417799959747,51.61582200040253
13393,2024-07-22,Wisconsin,Siena/NYT,500,48.38417799959747,51.61582200040253
13914,2024-08-19,Georgia,Siena/NYT,500,50.00378621460107,49.99621378539893
24994,2024-10-14,Pennsylvania,CES / YouGov,500,48.73705074388027,51.26294925611973
56505,2024-08-05,Pennsylvania,McCourtney Institute/YouGov,500,48.73705074388027,51.26294925611973
39108,2024-10-12,Georgia,Siena/NYT,500,50.00378621460107,49.99621378539893
85041,2024-08-21,National,CES / YouGov,500,46.85125042406744,53.14874957593256
29878,2024-09-14,Nebraska,Siena/NYT,500,37.589155685021595,62.410844314978405
87949,2024-09-23,Nevada,The Washington Post,500,46.62657409034553,53.37342590965447
63696,2024-08-10,National,The Washington Post,500,46.85125042406744,53.14874957593256
35115,2024-08-25,Pennsylvania,Siena/NYT,500,48.73705074388027,51.26294925611973
92840,2024-10-05,National,YouGov,500,46.85125042406744,53.14874957593256
66185,2024-09-04,National,YouGov,500,46.85125042406744,53.14874957593256
49392,2024-10-16,National,CES / YouGov,500,46.85125042406744,53.14874957593256
17590,2024-08-28,National,McCourtney Institute/YouGov,500,46.85125042406744,53.14874957593256
15617,2024-07-25,Florida,CES / YouGov,500,44.15694111655989,55.84305888344011
85423,2024-07-27,National,YouGov,500,46.85125042406744,53.14874957593256
81758,2024-09-02,Michigan,Siena/NYT,500,50.33393243861362,49.66606756138638
81275,2024-08-12,Pennsylvania,Marquette Law School,500,48.73705074388027,51.26294925611973
11236,2024-08-05,National,The Washington Post,500,46.85125042406744,53.14874957593256
55755,2024-10-14,Pennsylvania,CES / YouGov,500,48.73705074388027,51.26294925611973
73399,2024-08-20,Florida,YouGov,500,44.15694111655989,55.84305888344011
92451,2024-10-07,North Carolina,The Washington Post,500,51.268968553125795,48.731031446874205
98578,2024-10-08,National,YouGov,500,46.85125042406744,53.14874957593256
79470,2024-09-10,National,The Washington Post,500,46.85125042406744,53.14874957593256
21716,2024-10-11,Virginia,McCourtney Institute/YouGov,500,51.917460920848605,48.082539079151395
41909,2024-10-18,Wisconsin,YouGov,500,48.38417799959747,51.61582200040253
71457,2024-08-20,National,Siena/NYT,500,46.85125042406744,53.14874957593256
96457,2024-09-21,National,CES / YouGov,500,46.85125042406744,53.14874957593256
20331,2024-10-01,National,McCourtney Institute/YouGov,500,46.85125042406744,53.14874957593256
98234,2024-09-23,Nevada,CES / YouGov,500,46.62657409034553,53.37342590965447
11750,2024-08-21,National,The Washington Post,500,46.85125042406744,53.14874957593256
39339,2024-09-06,Wisconsin,Siena/NYT,500,48.38417799959747,51.61582200040253
69487,2024-08-05,Georgia,Marquette Law School,500,50.00378621460107,49.99621378539893
38463,2024-10-26,Texas,YouGov,500,44.6924061572325,55.3075938427675
26426,2024-09-20,National,The Washington Post,500,46.85125042406744,53.14874957593256
90545,2024-08-06,North Carolina,CES / YouGov,500,51.268968553125795,48.731031446874205
82894,2024-10-12,National,CES / YouGov,500,46.85125042406744,53.14874957593256
25041,2024-07-29,National,The Washington Post,500,46.85125042406744,53.14874957593256
57184,2024-10-17,National,The Washington Post,500,46.85125042406744,53.14874957593256
88772,2024-09-28,National,Siena/NYT,500,46.85125042406744,53.14874957593256
35488,2024-08-29,Wisconsin,Siena/NYT,500,48.38417799959747,51.61582200040253
63909,2024-10-18,National,CES / YouGov,500,46.85125042406744,53.14874957593256
46835,2024-08-01,Michigan,Marquette Law School,500,50.33393243861362,49.66606756138638
74114,2024-07-25,National,Siena/NYT,500,46.85125042406744,53.14874957593256
66637,2024-10-18,National,The Washington Post,500,46.85125042406744,53.14874957593256
95400,2024-09-17,National,Marquette Law School,500,46.85125042406744,53.14874957593256
70942,2024-08-28,Wisconsin,Marquette Law School,500,48.38417799959747,51.61582200040253
29802,2024-09-28,Pennsylvania,Siena/NYT,500,48.73705074388027,51.26294925611973
54951,2024-10-02,Wisconsin,Siena/NYT,500,48.38417799959747,51.61582200040253
66435,2024-10-22,Nebraska CD-2,Marquette Law School,500,52.166102060894566,47.833897939105434
10875,2024-08-24,Texas,CES / YouGov,500,44.6924061572325,55.3075938427675
88331,2024-08-24,Wisconsin,CES / YouGov,500,48.38417799959747,51.61582200040253
81738,2024-09-15,Michigan,CES / YouGov,500,50.33393243861362,49.66606756138638
80400,2024-08-11,National,Siena/NYT,500,46.85125042406744,53.14874957593256
89476,2024-09-21,Texas,YouGov,500,44.6924061572325,55.3075938427675
74355,2024-10-08,Wisconsin,Marquette Law School,500,48.38417799959747,51.61582200040253
11002,2024-09-15,National,The Washington Post,500,46.85125042406744,53.14874957593256
25119,2024-08-30,National,YouGov,500,46.85125042406744,53.14874957593256
51890,2024-09-04,National,Siena/NYT,500,46.85125042406744,53.14874957593256
76863,2024-10-09,Wisconsin,McCourtney Institute/YouGov,500,48.38417799959747,51.61582200040253
72317,2024-08-31,Georgia,McCourtney Institute/YouGov,500,50.00378621460107,49.99621378539893
15690,2024-08-01,Georgia,CES / YouGov,500,50.00378621460107,49.99621378539893
93576,2024-09-11,North Carolina,Siena/NYT,500,51.268968553125795,48.731031446874205
46319,2024-10-24,National,Siena/NYT,500,46.85125042406744,53.14874957593256
24714,2024-10-24,National,Marquette Law School,500,46.85125042406744,53.14874957593256
71540,2024-10-15,Pennsylvania,Marquette Law School,500,48.73705074388027,51.26294925611973
90842,2024-09-23,Wisconsin,CES / YouGov,500,48.38417799959747,51.61582200040253
81945,2024-10-01,North Carolina,Siena/NYT,500,51.268968553125795,48.731031446874205
78933,2024-10-17,Georgia,CES / YouGov,500,50.00378621460107,49.99621378539893
35341,2024-09-17,Texas,CES / YouGov,500,44.6924061572325,55.3075938427675
44997,2024-08-28,National,YouGov,500,46.85125042406744,53.14874957593256
13809,2024-09-03,Nebraska CD-2,The Washington Post,500,52.166102060894566,47.833897939105434
64858,2024-08-31,Texas,CES / YouGov,500,44.6924061572325,55.3075938427675
39771,2024-10-06,Pennsylvania,YouGov,500,48.73705074388027,51.26294925611973
14155,2024-10-24,Pennsylvania,Siena/NYT,500,48.73705074388027,51.26294925611973
47003,2024-08-10,National,Siena/NYT,500,46.85125042406744,53.14874957593256
63747,2024-09-10,Georgia,CES / YouGov,500,50.00378621460107,49.99621378539893
27025,2024-10-09,National,Siena/NYT,500,46.85125042406744,53.14874957593256
71562,2024-07-27,Georgia,Marquette Law School,500,50.00378621460107,49.99621378539893
78631,2024-08-30,National,YouGov,500,46.85125042406744,53.14874957593256
46641,2024-09-09,North Carolina,The Washington Post,500,51.268968553125795,48.731031446874205
34453,2024-10-12,Nevada,Siena/NYT,500,46.62657409034553,53.37342590965447
64455,2024-08-20,National,Marquette Law School,500,46.85125042406744,53.14874957593256
97726,2024-10-19,Wisconsin,YouGov,500,48.38417799959747,51.61582200040253
87117,2024-07-24,Pennsylvania,The Washington Post,500,48.73705074388027,51.26294925611973
34834,2024-10-22,Florida,Siena/NYT,500,44.15694111655989,55.84305888344011
31399,2024-09-24,National,The Washington Post,500,46.85125042406744,53.14874957593256
69348,2024-08-12,National,Siena/NYT,500,46.85125042406744,53.14874957593256
39919,2024-10-04,National,Marquette Law School,500,46.85125042406744,53.14874957593256
97296,2024-08-07,Wisconsin,The Washington Post,500,48.38417799959747,51.61582200040253
94127,2024-10-25,Pennsylvania,YouGov,500,48.73705074388027,51.26294925611973
38719,2024-09-07,National,The Washington Post,500,46.85125042406744,53.14874957593256
23400,2024-08-21,Florida,McCourtney Institute/YouGov,500,44.15694111655989,55.84305888344011
81306,2024-08-22,Pennsylvania,Siena/NYT,500,48.73705074388027,51.26294925611973
46088,2024-08-06,National,YouGov,500,46.85125042406744,53.14874957593256
